Height(Inches),Weight(Pounds)
65.78331,112.9925
71.51521,136.4873
69.39874,153.0269
68.2166,142.3354
67.78781,144.2971
68.69784,123.3024
69.80204,141.4947
70.01472,136.4623
67.90265,112.3723
66.78236,120.6672
66.48769,127.4516
67.62333,114.143
68.30248,125.6107
67.11656,122.4618
68.27967,116.0866
71.0916,139.9975
66.461,129.5023
68.64927,142.9733
71.23033,137.9025
67.13118,124.0449
67.83379,141.2807
68.87881,143.5392
63.48115,97.90191
68.42187,129.5027
67.62804,141.8501
67.20864,129.7244
70.84235,142.4235
67.49434,131.5502
66.53401,108.3324
65.44098,113.8922
69.5233,103.3016
65.8132,120.7536
67.8163,125.7886
70.59505,136.2225
71.80484,140.1015
69.20613,128.7487
66.80368,141.7994
67.65893,121.2319
67.80701,131.3478
64.04535,106.7115
68.57463,124.3598
65.18357,124.8591
69.65814,139.6711
67.96731,137.3696
65.98088,106.4499
68.67249,128.7639
66.88088,145.6837
67.69868,116.819
69.82117,143.6215
69.08817,134.9325
69.91479,147.0219
67.33182,126.3285
70.26939,125.4839
69.10344,115.7084
65.38356,123.4892
70.18447,147.8926
70.40617,155.8987
66.54376,128.0742
66.36418,119.3701
67.537,133.8148
66.50418,128.7325
68.99958,137.5453
68.30355,129.7604
67.01255,128.824
70.80592,135.3165
68.21951,109.6113
69.05914,142.4684
67.73103,132.749
67.21568,103.5275
67.36763,124.7299
65.27033,129.3137
70.84278,134.0175
69.92442,140.3969
64.28508,102.8351
68.2452,128.5214
66.35708,120.2991
68.36275,138.6036
65.4769,132.9574
69.71947,115.6233
67.72554,122.524
68.63941,134.6254
66.78405,121.8986
70.05147,155.3767
66.27848,128.9418
69.20198,129.1013
69.13481,139.4733
67.36436,140.8901
70.09297,131.5916
70.1766,121.1232
68.22556,131.5127
68.12932,136.5479
70.24256,141.4896
71.48752,140.6104
69.20477,112.1413
70.06306,133.457
70.55703,131.8001
66.28644,120.0285
63.42577,123.0972
66.76711,128.1432
68.88741,115.4759
64.87434,102.0927
67.09272,130.353
68.34761,134.1842
65.61073,98.64133
67.75551,114.5599
68.0212,123.4917
67.66193,123.048
66.3146,126.4772
69.43706,128.417
63.83624,127.1941
67.72277,122.0562
70.05098,127.6064
70.18602,131.6423
65.94588,111.8955
70.007,122.039
68.61129,128.5547
68.80817,132.6792
69.76212,136.0632
65.45539,115.9403
68.82534,136.9041
65.8003,119.8804
67.21474,109.0055
69.42021,128.2705
68.94396,135.2913
67.9415,106.8558
65.62506,123.2939
66.49607,109.5143
67.92809,119.3087
68.89415,140.2402
70.241,133.9841
68.26623,132.5807
71.23161,130.6988
69.09747,115.5637
64.39693,123.7941
71.09585,128.1427
68.21868,135.9646
65.91721,116.6273
67.4369,126.8241
73.90107,151.3913
69.98149,130.4022
69.51862,136.2068
65.18437,113.3989
68.00869,125.3287
68.3384,127.5846
65.18417,107.1564
68.26209,116.4588
68.56865,133.8402
64.49675,112.8901
68.71053,130.7568
68.89148,137.7571
69.54011,125.4036
67.39964,138.4659
66.47521,120.8184
66.01217,140.1539
72.44434,136.7397
64.12642,106.1139
70.98112,158.9562
67.50124,108.7868
72.01515,138.7758
65.31143,115.9136
67.07509,146.2922
64.39148,109.8765
69.37003,139.0499
68.37921,119.9001
65.31018,128.3069
67.1369,127.2428
68.39468,115.2306
66.2918,124.7975
67.1866,126.9511
65.99156,111.2711
69.43393,122.6089
67.97463,124.2084
67.76133,124.6453
65.27864,119.5169
73.83364,139.2983
66.81312,104.8265
66.89411,123.0424
65.73568,118.8923
65.98283,121.4939
66.58396,119.2488
67.11294,135.0239
65.87481,116.228
66.78067,109.1731
68.73577,124.2237
66.22666,141.1645
65.95968,129.1501
68.58372,127.8693
66.59347,120.9244
66.96574,127.6466
68.08015,101.4693
70.19025,144.9927
65.52149,110.9523
67.45905,132.8625
67.40985,146.3385
69.66158,145.5894
65.79799,120.8431
66.10558,115.7813
68.23987,128.3019
68.02403,127.4718
71.39044,127.8761
65.7316,121.4997
66.43358,112.7148
70.01309,135.002
69.48146,128.6789
68.62764,124.4062
68.36275,140.026
68.39028,117.519
68.77413,143.8737
69.9236,141.1703
71.55542,155.9414
68.44764,134.0093
66.71398,130.0975
66.68413,106.2265
67.93699,112.0489
68.89855,136.1884
67.29191,131.236
69.57212,131.3231
67.67479,119.5261
69.04155,116.9965
67.96765,138.5255
65.83982,109.6518
65.77288,130.1569
71.14106,137.1114
67.83055,113.759
65.0693,114.9725
69.70745,127.7149
69.92983,121.9972
66.11569,117.9607
68.61364,127.7141
68.9976,117.9619
66.79171,125.1554
68.02363,141.1026
69.67258,145.4822
71.82178,116.065
72.74676,135.7458
67.27951,132.9248
67.41015,115.6622
68.5315,114.3184
68.47126,148.952
68.51867,142.1878
63.72529,134.104
67.70483,141.8926
69.47115,138.7444
66.70198,134.449
65.23126,117.0167
69.89473,115.6752
69.83048,134.7905
65.3979,120.5746
68.32214,120.0835
65.93895,84.3598
70.09805,138.9394
66.05531,143.5245
68.23481,123.1347
65.21758,115.5261
69.16173,120.9844
67.60064,120.6473
67.28621,124.0352
66.84323,117.2238
68.08281,127.9598
66.56991,116.7527
70.16973,121.9957
67.85113,123.9952
66.62309,108.855
63.68816,104.6574
68.0356,132.248
66.941,127.1834
66.26292,125.1209
70.7301,133.322
70.70844,122.3364
73.26872,130.2636
63.79021,116.7431
67.84109,125.8534
67.78058,100.627
67.23901,118.4945
66.75701,137.1255
69.03098,118.6991
68.52652,124.1641
64.65419,124.9442
65.14295,126.3889
66.74124,121.5255
66.99923,133.2951
70.26611,127.4072
67.57666,125.08
66.30582,102.8114
68.90702,134.2212
65.60543,100.9758
68.00189,145.8886
69.93715,155.3046
70.1459,138.7175
66.66364,116.2611
69.40676,120.6087
66.80598,114.4083
67.70048,133.3406
69.13438,92.74955
67.53769,131.7825
65.77912,118.3865
66.25769,131.1466
67.39038,130.2033
64.94327,129.1836
69.25699,143.1445
69.07739,138.7307
69.64403,130.9528
69.07705,124.3032
68.01304,135.3702
68.85664,124.1988
63.19158,111.2389
65.57591,129.4037
69.12101,127.7444
69.78765,121.3311
67.48203,118.2183
69.08809,123.3441
68.5529,151.9118
68.21327,115.3108
67.1012,122.3844
71.23661,129.2323
69.11946,138.2824
65.49848,144.0565
66.58706,120.8482
67.99831,113.3034
72.57747,149.3227
67.97585,130.6373
66.62347,122.387
67.29574,133.8677
65.95951,134.8336
66.54011,137.8363
68.07723,112.6812
65.83291,121.1964
69.23721,114.9262
64.69413,110.3762
69.21372,126.0337
67.16792,118.7008
67.8467,119.3108
69.27389,150.7397
67.90547,121.1142
67.076,118.4065
70.01531,142.759
70.05454,145.6305
70.86714,127.3425
66.0586,115.9678
65.23745,104.4441
68.7413,138.4905
69.51946,145.5049
70.30764,124.4065
67.29982,124.1866
67.60582,126.1659
67.85566,138.8125
66.46536,121.5515
68.92071,114.2555
68.46886,129.4022
69.5193,137.5583
70.23956,134.4996
67.85651,127.7103
68.00435,115.6709
67.13983,131.5906
68.09931,127.5839
68.99077,125.7211
69.32618,119.9885
70.09286,140.8676
68.74304,136.9164
64.18633,118.4759
66.09074,129.5516
69.24418,152.0714
69.66512,120.8646
68.42721,136.1027
68.28613,130.0611
69.37684,131.7743
68.35315,139.38
72.32489,168.229
70.37159,127.6446
65.72927,131.8008
66.49627,122.8561
70.81339,140.2133
67.37579,142.6929
67.79709,137.4299
68.1607,126.0392
68.85782,143.5985
67.71342,122.62
64.66007,108.6044
65.73721,100.6617
68.42441,116.1397
68.88946,140.5293
68.27367,125.6907
69.18045,134.3329
72.60996,136.4649
66.04157,127.8822
69.2288,123.1361
68.87697,116.3375
66.46042,124.5581
69.30444,125.7853
67.58249,107.5905
69.41816,143.0236
67.46867,118.7434
66.44873,118.9856
68.76185,131.8744
63.76881,119.3691
69.03663,126.1223
66.48966,126.6122
66.74224,113.5597
67.69394,115.8413
66.69066,130.2738
67.02877,125.4542
65.91096,117.1655
70.0304,137.3184
69.26978,149.4447
70.07695,151.0695
64.90942,116.9994
69.68744,138.1787
67.56524,127.621
63.85529,120.7514
71.6189,144.2537
64.98993,105.7939
64.60759,120.1567
62.01666,109.0848
65.28516,125.971
67.70163,110.2325
70.85794,134.4706
68.17075,115.5067
67.45006,125.1086
71.04224,116.4113
67.83032,133.3944
67.15488,108.7478
68.30289,134.3986
65.41208,131.2085
68.66755,130.8318
70.06733,127.0838
69.13413,119.4067
67.02078,105.5616
65.52274,134.4733
70.19808,132.6897
67.66866,126.058
69.73257,126.3532
67.61719,142.3603
70.79589,124.5873
69.65804,122.3604
66.73277,123.2298
67.58008,131.4049
65.25317,124.3037
70.71387,128.3836
71.27374,136.853
66.55913,118.0569
68.04247,121.4969
68.11699,119.2811
71.2367,126.5545
66.92387,129.2477
71.10381,134.7804
69.41466,146.0725
69.16807,162.4109
68.57725,130.1885
69.60315,132.1941
69.05087,127.4591
68.28699,125.3466
69.25276,134.7559
68.23862,121.9395
67.6868,125.6688
68.84083,145.956
69.52061,119.9207
66.97668,111.5093
72.0053,138.676
67.44482,135.0151
66.06214,116.509
65.5747,123.9575
68.30171,136.952
71.02603,153.0797
70.76882,126.357
67.50812,145.0614
69.50936,135.1739
66.4455,108.806
68.5689,110.5155
67.01296,138.2685
68.70004,119.5111
68.23013,115.3214
70.40713,132.3684
65.69989,93.99438
65.7031,127.4051
68.48055,134.3024
66.62891,124.9721
66.84285,124.072
69.89734,133.5476
67.6543,134.1509
68.30917,130.2489
69.74848,138.0935
68.57906,126.6064
68.14477,131.8076
67.98093,131.7363
64.82535,117.6261
69.20785,126.1943
69.2656,127.5132
70.9403,142.4785
69.07826,139.444
66.20183,110.3204
71.05779,131.9541
68.99493,129.2037
70.96089,124.3513
66.02496,126.5251
69.8641,149.2303
66.82802,142.1577
69.09424,127.1436
66.81425,122.3353
67.13183,112.6659
64.57428,134.2647
68.68038,120.6936
67.53724,115.783
71.17732,128.6855
70.53514,134.7611
71.53411,118.3419
66.77301,106.1557
66.33636,126.3823
64.83095,114.3716
68.38247,130.2787
68.05038,123.3066
69.09149,122.8571
69.91046,125.6932
68.40737,111.7247
68.32559,125.5516
66.95555,119.9702
70.54816,132.6043
69.37805,132.6738
67.52012,117.4521
64.87142,101.8549
69.13396,128.4418
68.81192,134.0414
67.56446,127.7511
68.16772,127.6172
65.80687,139.3971
64.92276,113.9381
68.35584,147.5188
66.71546,132.6523
69.18196,132.8139
65.88795,105.0942
66.03733,127.5187
69.44194,130.7305
67.14847,128.5815
65.69442,122.5699
69.42723,157.2961
66.54503,121.1097
69.04469,147.5061
67.62036,117.493
69.59105,132.4472
68.12343,118.1774
71.22641,123.7319
66.43285,130.365
66.31808,122.8882
68.02724,107.8693
68.2876,118.591
66.91609,125.6467
71.77546,148.6016
66.04535,150.279
69.01455,127.0678
68.70744,128.7122
65.012,118.4233
66.05857,125.3879
71.16403,149.2676
67.55274,107.3484
68.83455,133.6992
68.11811,124.8508
67.90528,112.7028
67.64085,127.8407
69.78282,134.1615
67.99889,138.6031
69.41465,126.044
70.42989,129.5856
67.67519,134.1054
67.88036,106.1251
68.06905,127.0561
66.99435,121.9241
71.57689,150.7365
64.36564,116.0061
67.93011,125.4748
69.91863,131.6099
69.93864,129.0696
66.79766,129.1117
70.11119,148.1624
68.94814,105.388
68.02886,110.5447
69.36148,118.6402
68.44886,122.8151
65.70282,124.887
69.55674,135.7695
65.84635,116.4563
68.79983,125.3617
69.03835,133.122
67.36352,138.3328
70.35788,124.4972
69.88828,136.7205
65.15319,115.0153
69.40907,132.6366
68.50874,143.1323
65.71552,134.7422
63.98308,122.6246
70.07685,153.5634
68.42542,126.289
68.23665,134.7206
67.82856,134.5987
66.31277,118.3945
69.75128,121.2997
65.70901,132.2844
66.88227,139.0617
67.2791,110.698
70.63357,154.1073
69.9377,124.1592
65.87671,134.5173
72.44694,138.2622
70.07052,149.0801
67.68486,127.0075
66.1151,117.8222
69.94355,148.9096
68.24317,128.2151
68.80144,129.6944
66.61818,125.5674
70.18701,128.7947
65.58971,124.187
68.69566,151.4167
64.88639,106.9803
69.81993,145.6221
66.33962,121.5926
70.4434,130.9386
69.99163,135.6203
70.13617,123.9315
67.1793,131.9955
68.2034,117.484
67.76121,129.6577
64.79753,122.3706
66.47871,114.5867
66.98337,116.5401
65.69991,139.4307
66.82705,123.4822
66.35141,132.5492
70.13491,143.4013
70.11565,132.9429
64.56145,98.8972
68.15724,122.4342
67.1475,104.6767
70.88927,142.7847
68.16218,130.9283
71.19657,143.827
67.92444,142.2832
65.30204,107.9441
66.40756,105.6891
71.30647,125.4007
69.05997,106.4195
65.95442,118.5371
69.63776,136.7836
71.10495,145.9328
66.21851,129.637
66.13469,108.4955
67.7851,121.2537
66.67737,135.7399
69.99408,137.5026
71.1441,124.0052
68.63927,128.8613
69.08548,133.6811
67.97389,106.5185
65.94809,113.0398
66.02102,125.9639
71.23576,140.2945
67.52674,143.229
71.06935,145.8063
68.27178,128.1697
67.31932,134.1839
68.98848,140.2166
68.404,146.3453
67.092,132.0784
66.76866,122.13
65.64636,131.4693
65.34105,129.5167
68.18299,125.7451
70.65924,153.1384
65.94401,124.5559
69.62792,134.8225
68.29965,115.3877
70.06075,117.9618
68.43602,124.5647
69.27012,134.4043
67.70511,129.3092
70.89315,133.1423
70.54313,147.3609
71.58086,155.0132
68.42301,126.2905
69.35781,134.4605
70.445,134.0296
67.38153,128.9248
67.50767,123.0543
68.52054,112.1788
66.80858,111.7443
72.38532,148.4615
68.51642,136.7459
70.79791,133.2068
66.21905,116.8855
68.31167,124.8542
67.1715,121.5809
67.7714,123.197
67.47328,137.1255
67.77463,121.4941
69.20099,150.9398
70.04297,142.3009
70.56979,134.7527
66.45379,133.5585
67.68132,136.0895
65.75638,95.20216
69.3549,119.7404
70.5902,152.9146
67.27626,140.1991
68.48853,145.2503
67.02188,119.4855
65.77613,123.512
65.96579,110.6754
68.18868,111.4951
72.08595,139.4849
66.85358,133.088
69.10929,133.5196
64.5909,112.7698
67.03849,124.7975
68.99156,123.4224
70.59872,142.0921
70.08988,116.2814
65.6844,131.1256
67.0982,131.2493
66.03932,127.2422
69.26423,122.4523
66.61351,115.2431
68.11738,126.9532
69.73059,143.4439
64.02042,125.377
66.23753,109.0095
72.46761,139.2411
66.21938,102.182
71.2978,144.3898
63.1255,83.08527
70.93034,145.3938
68.25489,134.9267
64.78014,134.678
65.42982,111.4963
68.91361,119.7951
64.96937,95.70426
66.15237,117.159
65.98386,127.2356
69.2435,144.9205
68.31982,122.8464
70.11607,134.19
68.63521,124.9776
67.74289,135.8441
64.58641,120.8222
64.66165,125.0174
65.90771,133.5474
65.77649,124.5583
67.1506,135.9691
72.24339,143.5738
68.73199,130.5725
67.57019,127.192
70.36234,141.2372
63.62233,107.4236
66.20711,122.3234
66.22114,111.6055
70.0722,137.8915
69.6563,142.8742
66.25043,114.4349
68.0704,128.2736
67.14808,134.5725
68.76609,140.1034
68.12075,121.977
65.72987,111.4248
69.17439,135.0756
70.36351,132.9826
70.78557,117.7566
70.88083,134.9877
66.62148,151.6121
69.9829,128.9287
66.92866,120.1575
71.45806,125.6007
69.66344,127.8292
69.30943,136.1354
66.59775,116.2841
64.20209,127.0777
68.23051,125.7165
70.09021,121.0749
70.9755,122.7382
64.93134,119.4545
66.90106,132.9048
69.19803,132.8687
68.4149,124.3486
66.3163,132.2198
72.13467,142.804
65.74613,129.605
69.96677,128.5326
65.11417,112.9919
67.43294,122.0795
66.39785,118.396
67.18769,130.1299
67.68597,111.6824
67.77469,142.2452
63.62937,122.6049
66.447,122.8198
71.9233,119.1123
67.92214,139.4335
68.01143,141.3353
67.76524,119.787
69.19791,136.326
67.00109,118.4099
67.09659,137.692
69.85144,129.078
67.42782,123.4642
68.1104,115.4311
68.29433,129.931
69.45176,135.9563
69.08219,127.8134
70.91753,139.1014
64.20566,109.2132
71.10315,124.6154
72.08523,136.221
66.15119,120.4722
67.52898,116.1659
67.17586,115.5093
72.92955,141.9961
65.54112,135.4869
69.08487,135.1305
65.28991,108.2494
68.53447,125.1277
71.32802,142.8947
66.88095,128.2978
67.91196,128.268
67.00238,103.5665
68.27584,156.1069
66.20276,104.9661
64.24214,121.6365
67.43738,132.0066
64.50081,118.4079
68.89607,135.3898
70.32908,140.6633
64.31742,111.6703
67.11253,128.0328
68.01206,130.4737
68.25267,128.2127
67.76873,142.8202
67.44291,123.0804
65.73581,117.8771
69.64372,130.9274
71.92818,129.1735
69.39435,144.5784
67.14717,115.8635
69.1469,116.5322
66.90594,141.9947
67.838,132.1304
68.09614,135.2607
66.14093,127.0684
71.16386,129.844
67.55757,134.5066
70.01279,121.3609
72.56431,143.1486
66.60224,124.7741
68.51802,120.1546
66.34638,139.4163
69.02692,131.6743
69.12446,131.07
68.24578,129.8914
68.4869,123.344
70.68261,137.5314
70.35969,136.8886
67.62401,118.4024
69.4463,116.2441
67.92486,124.8433
68.39347,120.9809
66.31812,105.1208
71.22882,145.4377
65.29169,108.1912
66.00287,130.3778
67.61775,117.5157
69.10276,135.8762
68.99743,127.5126
69.07531,151.3998
68.34086,112.4799
71.68196,156.7554
68.77664,138.2098
66.18191,109.5685
72.37092,139.9742
66.85155,124.5873
65.75688,130.5023
69.69245,151.0783
66.27915,108.7722
66.47752,105.9927
68.71912,143.4301
68.29244,114.7434
67.66696,123.7736
71.29885,139.4769
67.07369,115.8201
70.68048,146.5682
71.40114,153.9993
71.00392,137.5899
66.2799,125.9287
68.05383,139.6939
64.16346,126.3585
66.87966,113.9307
70.52968,129.7605
65.45595,116.1925
69.11331,139.1294
67.94221,126.9815
67.2132,125.8352
67.6372,113.524
70.09365,123.2372
64.41354,123.0554
69.77698,128.133
66.58181,127.9357
68.14995,110.4678
66.18165,127.9364
66.79412,118.1678
67.1657,129.7243
68.01904,130.6094
66.95837,105.0414
68.70397,122.6299
69.68057,138.3259
66.52793,107.7381
66.46981,141.4417
71.44643,153.6966
66.62648,134.5551
64.01015,109.6593
65.03312,117.2029
66.77216,124.2843
68.91932,125.2193
71.22926,133.2256
71.10332,122.6042
69.80699,134.8652
67.09127,111.4506
67.27958,116.8458
71.86593,143.1527
67.20197,99.92383
68.44108,127.9232
67.20278,136.658
69.36588,145.3947
69.0416,126.6818
65.9056,128.1983
66.44766,122.8328
66.08009,133.2571
69.35367,116.7606
70.83359,144.0455
67.664,132.5153
65.30966,123.9832
66.66817,113.1423
66.93271,123.9512
67.73938,133.9787
64.27722,128.1519
66.83442,121.2878
65.89728,122.7107
67.6564,125.4136
68.68966,124.8761
66.08003,116.5903
66.91344,129.889
69.48392,123.889
68.60001,137.6571
69.21225,130.8805
67.63342,141.9706
65.73405,125.7334
66.09947,104.4108
67.65293,117.0685
67.59619,131.7669
69.57859,125.4738
66.08879,129.5734
70.08026,130.1053
65.00956,131.9305
69.16464,142.4645
69.61276,127.6431
71.48367,153.3153
69.47413,126.7609
69.0027,114.0258
69.5581,133.9684
68.63746,127.5869
67.20262,126.4859
66.07614,120.7651
66.18342,126.6479
70.80778,133.0747
67.158,125.9649
65.2973,121.3206
69.23494,129.7824
68.90768,130.0549
72.3478,123.4005
68.29557,137.2791
68.34735,127.7554
67.46476,133.6853
68.86803,113.9275
66.62471,135.6168
64.77193,122.6005
67.70647,118.9472
72.992,134.2703
70.95194,124.2747
67.95677,130.6981
67.20959,124.6797
66.36959,129.0839
67.63896,121.9456
69.74444,126.2689
68.17532,134.6122
66.89711,131.8476
67.4966,103.5828
66.51569,116.3925
66.88332,123.5095
69.7277,150.3395
69.78345,135.2437
65.40046,112.4584
67.99831,137.4861
72.25581,132.7902
70.79562,126.0286
65.18786,141.3591
67.7123,135.9065
70.05146,134.6655
67.30497,122.0232
66.39813,128.3502
69.73637,130.6354
68.71659,131.717
63.88437,108.6132
68.40851,114.5673
67.93251,133.5136
70.69674,135.8641
68.95083,148.1093
66.49457,123.5179
68.59369,120.8406
66.26442,116.2666
69.58656,123.8986
67.35651,119.32
69.68727,119.4097
68.44046,124.5933
68.47973,130.8802
65.45463,118.2058
66.8085,109.6357
70.05212,140.2298
67.43558,121.5764
66.54306,98.30262
67.32353,117.6173
67.9725,136.5104
69.03858,148.9791
67.69453,123.9665
69.30508,133.5957
65.39643,117.2334
68.35638,123.5943
65.36888,117.7674
68.36499,137.2321
71.15702,129.1996
69.25532,142.4032
66.6984,128.4838
69.17548,115.3008
68.31559,119.5309
67.81616,121.7224
68.56123,142.8442
66.23085,110.1171
68.95099,122.0958
67.86761,124.8188
68.05498,119.3169
67.73986,132.4571
69.83641,133.0316
70.68574,160.8831
64.54385,119.127
67.93112,138.516
67.77291,124.8232
69.41312,135.9744
67.77213,116.2254
67.79965,139.2002
67.98313,137.983
69.97983,144.5084
63.83261,109.1938
65.57212,127.228
69.34307,124.5517
67.28398,114.926
68.7435,132.5027
69.03112,125.3892
69.64426,128.4988
66.70052,117.7319
67.9143,112.9531
64.36849,126.1835
65.87507,118.7934
67.07427,125.4388
69.34545,124.9451
69.83212,145.5139
66.10245,116.7836
69.26205,132.5216
68.33525,114.8933
69.38017,122.8594
69.12887,130.5782
68.44658,119.1058
66.34542,133.8204
70.03275,128.5779
70.16523,139.0179
68.18324,101.2876
70.12378,140.958
68.4296,134.6146
66.43974,129.9482
71.72703,139.064
70.72387,135.1996
68.09022,129.682
70.12976,129.1395
66.05393,129.0051
69.77059,112.7357
68.15816,126.1123
69.91372,118.3724
65.34461,122.9731
68.35621,130.3663
64.50585,114.226
67.95491,115.7854
68.57621,137.9526
68.12257,112.2435
68.77583,137.237
67.92593,124.9418
69.1484,135.0961
63.20539,114.4199
69.2442,122.1823
65.88645,129.375
67.85186,129.9448
65.57418,140.4557
66.70819,120.8977
69.172,129.159
69.23593,137.1397
67.57232,145.2218
69.50518,140.0956
70.60288,124.12
66.54152,135.6875
69.11494,127.756
69.951,144.0475
67.70347,131.9333
69.19028,135.5263
67.8047,151.3579
67.62532,124.7073
70.36898,135.274
71.02595,136.5388
69.8452,137.8778
67.08638,114.2066
68.62013,141.5844
64.37275,111.0969
65.93523,126.3868
65.24285,132.8885
70.51481,144.7904
66.61129,108.3859
67.13394,124.1348
66.77634,129.4462
67.69385,131.3339
67.82809,111.6411
66.63254,111.6422
67.62229,140.3178
69.66798,125.5286
62.75039,114.49
64.53878,113.998
68.01929,117.1931
66.38551,138.3156
70.18724,122.3712
64.646,132.9431
67.48819,124.0449
72.01807,144.1591
66.61356,115.4581
65.81803,116.5192
71.16185,139.6139
68.51977,133.2364
64.96088,120.025
66.88268,123.1111
70.3531,132.8462
67.71744,120.9359
66.03333,129.7702
68.9826,136.9118
68.60237,131.121
66.8408,133.484
68.03659,136.3871
64.79586,131.4559
70.55126,126.1986
68.28166,115.046
68.77574,130.3178
67.09315,131.6954
70.14303,135.6519
65.46833,120.3029
69.02275,129.1442
74.24899,150.2167
64.08575,120.2076
67.57977,132.153
69.19395,132.1247
64.48615,119.5029
68.75888,136.7629
68.45184,147.7846
66.44205,145.5992
70.1756,124.9662
67.1386,127.902
66.91548,125.9147
68.63357,109.6821
66.95697,107.7733
69.97351,134.1099
66.92568,134.901
68.76347,139.6364
67.40692,127.0273
65.74615,134.7717
65.88357,99.97124
66.77623,129.4522
66.9622,129.3592
63.46642,103.6594
68.35224,115.7327
64.43147,104.8874
63.52175,131.0054
66.86196,129.0709
65.53651,102.5494
71.82306,133.2257
68.86538,146.3008
70.79207,140.8125
69.02139,132.4618
67.3527,118.8437
66.3294,133.4495
67.75792,134.882
68.64796,129.6789
68.18784,136.7318
71.53978,133.9981
68.58959,128.1324
71.33959,130.2482
67.18757,130.2934
67.70033,128.3208
64.13048,134.0501
69.90087,140.5808
66.72044,115.1936
69.3532,135.8445
69.70788,142.8508
67.73755,143.0931
68.16879,114.9519
71.94697,149.4261
67.37481,132.0558
65.34039,127.0174
65.63768,103.3615
68.91559,125.3216
65.44571,130.6423
68.11726,124.3662
69.52284,140.6019
69.40202,124.229
70.00803,132.9642
68.59817,130.2067
64.76508,106.6241
67.52805,108.9888
66.71974,109.9473
67.94808,124.363
69.09682,131.5021
70.04724,137.4264
67.92097,116.0228
67.99135,117.9061
68.92023,116.7259
66.75149,115.4633
68.07152,129.9734
68.75961,148.9128
70.93048,126.0818
68.29873,115.4952
69.25316,158.7833
68.39327,141.2064
68.48007,129.838
69.47286,137.0682
66.33003,123.2428
66.88679,117.9651
65.20091,102.4998
68.37273,130.6338
67.10601,144.6224
62.64242,100.1982
69.06906,120.2937
71.15727,144.3108
68.93324,114.8805
68.10686,141.5328
64.45765,114.6963
65.96736,121.6607
68.73038,119.3241
70.53564,135.206
67.40711,115.9409
66.11309,123.2264
69.47433,133.0619
70.95476,136.3442
65.56715,124.1401
65.49243,116.2944
68.89342,133.1669
67.59755,137.941
66.1724,133.3173
68.70371,114.2219
65.47651,137.6516
67.72604,131.5375
70.02202,137.2221
69.72107,135.1331
67.90954,113.9257
65.61306,132.5883
71.40631,133.5753
66.27843,106.7793
65.0276,95.18466
65.68922,114.2675
66.85743,126.4804
68.23,126.7087
66.12036,110.9096
71.32591,132.3678
70.2075,133.7174
71.03619,144.0125
68.18528,129.9098
68.99195,106.5697
67.95745,121.9433
69.49971,118.1623
67.12538,106.6739
67.75678,128.444
67.67958,127.4595
64.71984,102.93
69.72873,127.8299
68.50234,139.7868
70.56446,133.2813
66.58715,120.2949
63.80202,102.4047
66.38836,134.2056
66.7895,121.4804
66.99003,108.2574
72.61998,145.8469
67.80601,114.9258
68.63913,124.6757
65.81803,113.619
66.5755,126.2651
66.40067,124.0382
66.75992,120.554
69.02475,124.4235
70.24902,130.1726
70.18308,137.2733
67.63509,126.9051
66.43547,118.2885
67.50559,119.6817
68.19559,134.332
66.32293,120.0364
70.33673,140.2713
67.9766,139.4025
66.07451,105.1086
68.00118,140.3289
65.48497,139.7691
66.99532,118.4896
69.89331,121.8301
68.03229,130.3482
70.00989,138.2214
66.91337,119.9847
71.43101,141.5275
64.42386,128.0746
68.63254,122.6639
70.14808,135.5841
69.94628,158.7993
66.40808,103.1971
65.27161,122.9332
67.02796,119.343
66.333,139.5722
70.05322,124.1145
71.49315,132.5483
67.11911,116.0712
72.52115,162.8737
68.59945,131.1394
66.72202,124.8745
68.33163,123.738
66.52804,119.0115
69.80841,135.4606
70.18855,139.6563
67.70646,120.3449
66.73552,113.0404
68.37589,115.658
68.14008,128.6282
65.33269,96.52385
68.27634,122.6695
69.17767,129.3968
66.47919,128.8422
66.27731,133.0853
67.80211,130.1248
72.66613,138.9119
70.62111,138.9252
67.45131,105.9085
68.51925,135.4393
72.05853,147.3129
64.71472,108.7636
66.49054,128.9625
71.9151,147.7867
68.37932,128.5716
69.44208,127.4285
65.67788,128.9123
67.97944,123.3621
68.18702,122.0501
67.96766,159.6644
67.69418,121.5022
66.85727,124.3686
68.50423,130.5608
66.46892,117.7781
70.53609,147.1473
68.60163,128.6512
67.13712,115.6854
63.82574,104.102
67.39413,122.4406
71.3131,124.6131
67.98003,100.4089
67.8037,131.8038
71.05584,134.7575
70.6785,148.5516
69.45454,151.3435
67.75404,121.4032
66.37759,132.7138
66.90907,118.1243
67.36022,120.412
70.03559,141.4458
74.19488,129.0597
68.44192,129.3121
68.86465,148.5716
66.41874,112.319
68.58215,130.0932
69.01529,123.1712
64.12752,99.36058
72.58824,139.1404
69.53845,131.9771
69.32255,127.7025
67.26117,136.8449
68.8089,126.4916
65.83333,111.1847
69.14631,128.5255
66.76436,123.1419
68.10866,141.374
66.52579,127.0178
66.72267,118.0513
66.66847,115.3536
66.13808,136.9275
68.04169,126.5685
67.37032,129.216
68.37927,142.1694
68.64261,136.578
67.06567,121.962
69.29222,146.9053
69.97624,142.657
68.36664,140.2292
68.2079,109.8398
67.34824,134.8916
65.91384,127.6066
67.37608,108.9719
70.77374,138.4284
72.8469,151.4509
64.95583,130.0036
68.67514,113.0897
68.73548,129.1464
67.33471,133.1919
66.68746,124.866
65.85168,121.4815
70.81582,137.8631
65.09564,125.8314
70.61931,135.3299
67.96031,107.3931
70.68803,144.1915
66.34093,100.5991
71.98092,130.1721
70.17314,140.8988
70.63179,143.6734
64.87469,90.29334
69.62426,130.4148
65.17407,123.8754
69.09608,154.0757
71.81975,137.4948
68.66104,141.8174
67.17895,126.8401
68.00257,131.9545
70.77144,120.9803
68.82564,119.7816
70.04554,127.7472
68.95339,134.2469
64.41355,108.5235
63.82854,125.0611
68.3559,123.0197
69.25516,129.8861
73.38109,154.8178
69.36199,151.9248
70.71977,135.6969
67.59075,127.2047
70.98644,137.876
67.73825,124.4771
71.10527,154.6002
71.95975,134.0699
65.74155,117.4639
65.64344,128.3519
68.37038,118.1031
70.50701,127.8238
66.43263,129.914
66.60278,131.3221
68.03472,128.1544
69.83384,122.8347
68.22043,143.5868
67.78035,106.5681
67.1894,124.9457
66.17013,113.6761
65.98555,105.4988
70.37458,125.3804
66.98272,120.0159
69.07135,135.0513
64.39778,112.0501
70.30031,126.6445
68.46686,126.7371
68.07287,138.6844
69.65267,143.346
67.85116,124.6758
68.81195,119.2154
68.88093,129.5162
71.2914,141.2136
64.93822,124.9304
64.39593,117.6936
67.61191,128.117
65.36431,125.507
68.57192,139.9115
69.63015,132.5572
64.66196,129.5233
71.18005,139.3905
65.6959,121.712
66.05318,122.7607
67.04924,117.4026
68.42541,135.9146
68.54306,123.838
65.95454,102.8468
66.95297,119.3281
64.91704,104.4281
66.59452,129.2376
68.17706,138.2296
69.573,138.6461
71.65878,130.4121
65.06775,124.4317
66.85523,127.9011
67.84366,125.2683
69.22848,121.1672
69.75159,128.1437
67.48764,121.494
68.12465,129.3746
68.50207,127.4765
67.50188,113.1406
68.83511,132.5812
65.40895,110.5741
68.31175,139.194
68.78411,128.757
65.39974,132.9714
66.754,125.0153
65.37482,95.80713
70.65043,152.9084
70.97634,121.217
66.75895,127.448
66.26857,120.2754
67.34174,127.4945
67.39093,111.026
71.04158,153.5447
63.7418,110.9415
66.91954,121.0967
65.84956,123.5086
67.03723,116.363
67.92717,134.9384
66.72742,113.8451
66.34696,113.0531
66.53015,127.5692
68.60951,125.1506
66.11208,115.4493
67.01143,138.9409
70.45763,133.292
65.3277,130.5079
67.28212,114.2578
70.37548,137.6167
68.04608,114.5218
70.36839,139.4884
68.38089,124.6962
67.78852,130.045
69.77907,141.782
69.59613,125.4556
67.9806,119.1796
65.84256,107.0361
66.99247,125.3591
63.54764,115.7565
71.50943,128.7986
69.94093,129.3747
71.21029,145.662
71.56281,123.6062
65.31159,124.6278
65.18491,122.7439
65.25283,120.2892
67.46596,128.6295
67.27426,111.5271
64.97376,117.7437
64.60687,109.4645
69.736,132.9405
67.7749,124.1881
69.30528,136.8094
71.38338,143.1901
65.60915,117.3002
66.23041,130.8166
66.53307,137.4417
67.51649,128.97
67.72325,114.6422
68.57113,138.4685
66.23808,123.19
67.75308,121.9934
68.2829,149.3778
68.40175,137.21
66.09433,138.6653
70.03545,118.8309
65.46717,116.7297
66.46693,131.5675
67.85512,129.5762
70.36596,131.4946
68.09483,125.1984
70.06267,131.8467
67.65661,121.0286
69.08508,121.8685
68.40932,147.9118
69.12972,130.6309
67.97094,139.9751
67.62895,126.6522
66.80442,116.7992
68.57388,132.4308
67.45375,130.6493
68.6366,132.6351
65.92344,124.4934
70.69799,129.6396
68.09362,131.2952
69.50493,121.3845
67.03953,116.8423
69.04839,143.4353
70.66314,140.0996
67.94574,127.1524
68.5127,116.4033
68.81282,145.5938
67.15097,136.0613
68.34367,126.2249
67.38561,130.9905
64.88607,131.7105
65.5339,125.1818
69.3919,147.0456
66.46889,109.3503
63.25683,120.7578
67.61546,112.4772
69.88085,138.4517
70.15703,136.7186
70.61107,136.0144
71.3845,148.7104
66.53779,120.4476
71.05961,133.5431
67.63928,140.0484
63.8441,129.0091
66.79275,121.0921
68.61061,125.6694
70.40975,117.6691
65.20379,133.959
69.08499,121.968
68.29678,135.3754
65.83832,111.6269
67.18313,117.3099
67.87544,131.75
67.51672,130.3517
67.98827,124.7463
70.33848,127.5476
67.29728,118.5713
65.95685,118.7344
65.2832,117.239
71.86035,127.4872
67.32069,128.9596
68.52503,147.7036
69.74627,132.158
65.75926,129.6624
67.26104,142.583
67.59186,123.1966
65.54701,114.619
70.57745,134.1679
64.93595,129.3978
69.85715,133.0797
70.81884,130.0722
68.30112,139.2852
67.54828,131.5521
71.89737,135.3276
68.81871,130.5668
68.57948,144.8947
66.01716,121.8662
67.25756,110.649
70.5545,150.0971
66.29452,123.8581
68.57082,128.4226
68.60497,125.197
67.99508,129.7427
66.12931,125.7215
66.41232,132.001
68.42482,140.054
66.80813,114.1178
67.72371,116.1322
70.99035,117.7071
67.56098,131.2855
69.12684,113.6105
67.97635,144.7629
66.30036,141.6047
69.30957,140.0213
65.63213,108.4237
66.22333,117.2512
66.74595,126.77
69.66252,135.074
68.21548,132.0189
69.28403,109.2101
69.64359,127.8589
71.48035,122.0737
69.37451,137.6851
65.19039,127.5918
64.02516,111.5819
66.58522,121.3966
65.81355,138.8427
66.10408,116.5048
68.56408,137.4424
67.89191,121.9768
71.42475,116.8105
65.98772,126.0482
70.95594,114.7284
64.37344,126.7487
69.76692,131.342
66.46755,119.0926
67.76109,137.8646
71.17728,129.5914
67.31413,128.105
70.22181,137.4504
69.28985,129.6324
66.35778,133.4823
69.27648,124.7911
66.3778,113.9428
63.24012,116.8399
69.18211,138.7521
69.11432,125.4607
67.48024,130.5948
69.75327,134.2699
69.62313,143.4724
65.95463,142.254
68.89125,139.8464
67.23829,132.4897
67.73728,138.5529
68.72443,123.1153
65.20195,132.6998
66.2865,106.6149
68.01878,134.9917
66.89261,130.92
67.79814,122.4887
66.6555,136.0645
69.77338,119.5334
68.42446,117.7405
65.55531,115.5734
68.34513,104.7006
66.26115,123.6592
66.40599,138.5289
68.64386,132.2257
68.70476,117.2914
68.03119,141.6933
66.25774,129.6313
64.0967,94.51219
67.0669,120.6412
65.80509,121.3762
68.05092,133.2667
67.52718,127.9032
66.35888,123.3962
70.87196,136.9675
68.29448,114.1357
67.0344,118.0845
70.91179,121.8608
68.77458,145.5199
68.8064,128.9862
66.80841,110.4729
65.02676,126.9126
71.83389,141.1132
67.41125,138.183
68.8635,132.6335
66.39633,127.2025
67.90122,146.2561
69.04019,141.6517
66.26552,126.5209
68.4645,121.554
66.8815,116.5904
71.36376,139.0275
66.06344,116.2031
66.64834,115.7431
67.3297,116.8138
68.20575,138.6574
69.59793,108.5229
67.50819,133.6747
68.00385,128.0916
69.51431,128.6687
68.00582,115.4484
67.59357,125.0018
69.78942,136.4816
72.36491,121.9301
68.13393,126.8874
67.83776,119.9595
68.87619,142.2743
66.04124,129.9792
65.81569,131.1604
69.22762,128.8601
64.72395,111.9433
68.48588,132.3867
68.28041,134.2844
65.5087,127.6919
66.73361,114.5415
69.20114,138.1499
71.44618,140.358
70.08869,125.9099
69.6745,134.4383
71.68575,136.6572
71.09849,123.5248
67.65215,130.345
70.41131,149.8413
68.33638,115.5647
64.72321,109.6661
64.6035,108.8823
66.92416,112.3914
68.46553,130.0139
67.19789,136.8066
67.78929,111.1892
66.6783,119.3179
67.38496,120.1224
68.00018,124.093
65.27378,117.8442
69.14142,142.1545
67.46178,122.3342
68.87277,115.7081
68.02365,136.5833
70.33914,120.5965
68.05498,121.269
66.63059,133.5937
66.23781,127.541
70.68625,139.1153
67.92487,140.4052
67.98283,124.3543
67.83966,136.9707
70.87256,136.9799
68.67371,129.9913
65.63433,113.6199
66.98566,127.6126
69.39665,117.966
67.97483,127.2407
69.02449,123.8412
65.06479,121.2687
68.67376,118.5378
67.57063,115.4182
66.86965,131.2651
66.42749,110.3212
68.42186,129.2128
69.83543,140.8802
66.38544,121.1068
69.67951,134.4281
66.10079,116.2489
65.82617,117.8009
68.71368,126.455
71.38503,137.1076
69.73254,152.1776
68.37367,128.6175
65.05453,113.9725
64.38195,105.9582
69.22384,134.3052
66.67906,132.4565
69.15689,134.3756
67.53215,146.8833
70.71198,131.2724
69.06844,132.9619
66.36641,140.4684
69.74416,144.838
69.72221,129.261
67.005,138.036
68.39904,125.5747
65.72237,129.4743
70.41527,129.4677
66.08413,105.1944
66.34093,125.2679
65.25134,128.237
67.53562,123.3362
68.21037,110.8623
67.41542,114.4586
69.8279,137.2435
66.30495,125.8706
69.06175,140.8451
69.64603,131.2554
70.75572,140.12
67.51414,138.8613
67.50856,117.374
67.30225,109.9978
67.76966,129.4122
70.13058,135.1643
66.28125,108.1378
72.48112,146.3046
66.93464,127.6499
67.24385,133.5096
69.30013,124.8396
71.68649,123.4209
69.69329,125.1731
68.22858,116.5013
70.77195,124.5635
69.63875,132.8562
67.5239,124.2136
70.26869,137.6254
67.32622,112.2365
65.82766,117.92
67.28046,107.1366
68.47687,127.8631
66.16499,119.5914
71.12585,129.7663
67.51094,126.2753
67.98365,120.6916
70.76255,147.2496
68.13751,123.8089
69.7139,124.9097
69.28011,129.2576
67.72134,133.2142
71.35771,134.9818
65.01169,115.4612
66.57282,114.2201
66.2121,126.4372
68.42587,121.5315
68.25899,137.3384
71.66231,130.1496
70.73674,149.3463
68.81489,131.8088
67.8052,124.5172
67.28023,124.094
75.1528,146.9701
70.18385,135.8346
70.11018,121.4131
67.55479,131.3549
65.19685,135.1309
71.09811,141.27
63.42211,106.4187
69.87338,140.1507
67.2773,140.0055
66.189,124.8413
65.71651,134.9238
68.09428,136.0939
69.12266,133.6055
69.44989,114.209
67.09671,144.4419
68.50605,127.578
68.14059,114.5292
66.53479,118.9804
67.30796,118.8584
66.46388,114.4406
68.23072,117.1258
70.06314,139.3579
69.26881,141.7621
70.1554,117.3159
66.0776,136.9107
68.95747,130.915
66.76727,124.4251
69.8097,141.0605
67.93231,125.3143
69.44794,151.3939
71.14183,118.1643
66.84818,114.446
67.75431,118.5776
70.83193,129.1185
69.21843,126.5898
68.20571,133.0472
67.32344,133.0028
67.46411,130.5289
67.70673,110.4494
68.5877,131.6199
70.18028,142.8787
69.85138,137.0263
68.82396,141.9518
68.58454,123.7734
66.17491,121.7871
68.29599,112.7853
66.01446,121.0144
70.42725,124.4965
65.95003,125.2296
67.28507,121.1903
70.23598,140.1737
66.37594,136.5133
65.72229,124.2645
72.69022,150.1384
65.52858,107.7887
68.71508,128.8673
69.34245,133.2224
67.38242,125.7706
68.05083,130.8925
69.86498,151.5925
64.51717,114.9571
69.20595,139.6118
67.98607,127.7814
70.14776,139.3701
70.4986,130.907
66.86758,134.945
68.64908,104.7127
67.91149,113.4475
69.24385,116.3492
64.48072,109.5586
71.64447,126.9269
70.04642,146.8967
68.12343,126.8031
65.23383,122.345
68.27239,127.8701
66.17894,124.9103
65.83059,123.0154
65.62889,107.4306
70.92752,111.6473
69.29069,130.6183
69.91684,132.766
72.73301,125.9357
68.44904,113.1008
66.49335,123.1309
72.21533,122.7007
69.53524,139.1563
64.79882,122.5688
67.38254,126.915
67.65345,131.7026
70.01257,144.6798
66.05945,133.332
65.21051,109.8084
68.39529,132.9511
63.99095,123.6623
70.31847,120.0304
70.15159,123.1364
68.01671,122.7495
68.06098,125.8274
66.98618,117.2347
68.8061,142.7741
70.30067,114.5538
65.68106,111.1723
69.27665,141.7056
71.68898,126.5743
67.17092,148.2722
69.24215,132.6836
68.73563,126.8221